{"BTC": 0.01036982, "KRW": 216827.75393978, "USDT": 7.8e-07, "TRX": 1e-07, "LUNC": 1e-07, "ALGO": 7.5e-07, "APENFT": 65453.42135096, "SOLO": 4.4563382, "LUNA2": 4.67946582, "ETHW": 0.25, "ETHF": 0.25, "XCORE": 0.55585688}