trial_id,score,total_return
trial_0000,13.184534827515792,5847.650447234654
trial_0001,0.03174917898193111,0.3741481847417749
