{"ts": 1771664705.2339792, "pid": 102166, "mode": "PAPER", "status": "RUNNING", "equity": 1000000.0, "pnl_pct": 0.0, "regime": "RISK_OFF", "btc_price": 100100000.0, "watchlist": [], "last_tick_ts": 1771664669.6965227, "last_error": null, "last_error_ts": null}