{"ts": 1771665005.1975925, "pid": 102166, "mode": "PAPER", "status": "RUNNING", "equity": 1000000.0, "pnl_pct": 0.0, "regime": "RISK_OFF", "btc_price": 100040000.0, "watchlist": [], "last_tick_ts": 1771664973.7700772, "last_error": null, "last_error_ts": null}