{
  "hybrid": {
    "total_return_pct": 47.10536426309238,
    "max_dd_pct": -6.398549463910065
  }
}