{
  "hybrid": {
    "total_return_pct": 15.286839636871008,
    "max_dd_pct": -17.939203653489365
  }
}